id;name;description
1;Wisconsin;target Human withdrawal
2;dot-com payment Libyan Dinar;white sensor local
3;calculate;Chips
4;Villages uniform PCI;Automotive Tactics architectures
5;Wisconsin Facilitator Incredible;reinvent
6;eco-centric Bedfordshire mesh;Configuration UIC-Franc
7;Ergonomic Concrete Soap Zambian Kwacha;Concrete Bedfordshire
8;portal calculating Metal;real-time discrete redundant
9;Synergistic Personal Loan Account Sleek;Borders
10;olive Handcrafted Cotton Bacon Unbranded Fresh Pants;incubate
